file_number,id,message
1,id_acm_energy_permit_0,Row parsed successfully.
2,id_acm_energy_permit_0,Row parsed successfully.
1,id_acm_energy_permit_1,Row parsed successfully.
2,id_acm_energy_permit_1,Row parsed successfully.
1,id_acm_energy_permit_10,Row parsed successfully.
1,id_acm_energy_permit_100,Row parsed successfully.
1,id_acm_energy_permit_101,Row parsed successfully.
1,id_acm_energy_permit_102,Row parsed successfully.
1,id_acm_energy_permit_103,Row parsed successfully.
1,id_acm_energy_permit_104,Row parsed successfully.
1,id_acm_energy_permit_105,Row parsed successfully.
1,id_acm_energy_permit_106,Row parsed successfully.
1,id_acm_energy_permit_107,Row parsed successfully.
1,id_acm_energy_permit_108,Row parsed successfully.
1,id_acm_energy_permit_11,Row parsed successfully.
2,id_acm_energy_permit_11,Row parsed successfully.
1,id_acm_energy_permit_110,Row parsed successfully.
1,id_acm_energy_permit_111,Row parsed successfully.
1,id_acm_energy_permit_112,Row parsed successfully.
1,id_acm_energy_permit_113,Row parsed successfully.
1,id_acm_energy_permit_114,Row parsed successfully.
1,id_acm_energy_permit_115,Row parsed successfully.
1,id_acm_energy_permit_116,Row parsed successfully.
1,id_acm_energy_permit_117,Row parsed successfully.
1,id_acm_energy_permit_118,Row parsed successfully.
1,id_acm_energy_permit_119,Row parsed successfully.
1,id_acm_energy_permit_12,Row parsed successfully.
2,id_acm_energy_permit_12,Row parsed successfully.
1,id_acm_energy_permit_120,Row parsed successfully.
1,id_acm_energy_permit_121,Row parsed successfully.
2,id_acm_energy_permit_121,Row parsed successfully.
1,id_acm_energy_permit_123,Row parsed successfully.
1,id_acm_energy_permit_124,Row parsed successfully.
1,id_acm_energy_permit_125,Row parsed successfully.
2,id_acm_energy_permit_125,Row parsed successfully.
1,id_acm_energy_permit_126,Row parsed successfully.
2,id_acm_energy_permit_126,Row parsed successfully.
1,id_acm_energy_permit_127,Row parsed successfully.
1,id_acm_energy_permit_128,Row parsed successfully.
2,id_acm_energy_permit_128,Row parsed successfully.
1,id_acm_energy_permit_129,Row parsed successfully.
2,id_acm_energy_permit_129,Row parsed successfully.
1,id_acm_energy_permit_13,Row parsed successfully.
2,id_acm_energy_permit_13,Row parsed successfully.
1,id_acm_energy_permit_130,Row parsed successfully.
1,id_acm_energy_permit_132,Row parsed successfully.
1,id_acm_energy_permit_133,Row parsed successfully.
1,id_acm_energy_permit_134,Row parsed successfully.
1,id_acm_energy_permit_135,Row parsed successfully.
1,id_acm_energy_permit_136,Row parsed successfully.
1,id_acm_energy_permit_137,Row parsed successfully.
1,id_acm_energy_permit_138,Row parsed successfully.
1,id_acm_energy_permit_139,Row parsed successfully.
1,id_acm_energy_permit_14,Row parsed successfully.
2,id_acm_energy_permit_14,Row parsed successfully.
1,id_acm_energy_permit_140,Row parsed successfully.
1,id_acm_energy_permit_141,Row parsed successfully.
1,id_acm_energy_permit_142,Row parsed successfully.
1,id_acm_energy_permit_143,Row parsed successfully.
1,id_acm_energy_permit_144,Row parsed successfully.
1,id_acm_energy_permit_145,Row parsed successfully.
1,id_acm_energy_permit_146,Row parsed successfully.
1,id_acm_energy_permit_147,Row parsed successfully.
1,id_acm_energy_permit_148,Row parsed successfully.
1,id_acm_energy_permit_149,Row parsed successfully.
1,id_acm_energy_permit_15,Row parsed successfully.
2,id_acm_energy_permit_15,Row parsed successfully.
1,id_acm_energy_permit_150,Row parsed successfully.
1,id_acm_energy_permit_151,Row parsed successfully.
1,id_acm_energy_permit_152,Row parsed successfully.
1,id_acm_energy_permit_153,Row parsed successfully.
1,id_acm_energy_permit_154,Row parsed successfully.
1,id_acm_energy_permit_155,Row parsed successfully.
1,id_acm_energy_permit_156,Row parsed successfully.
1,id_acm_energy_permit_157,Row parsed successfully.
1,id_acm_energy_permit_158,Row parsed successfully.
1,id_acm_energy_permit_159,Row parsed successfully.
1,id_acm_energy_permit_16,Row parsed successfully.
1,id_acm_energy_permit_160,Row parsed successfully.
1,id_acm_energy_permit_161,Row parsed successfully.
1,id_acm_energy_permit_162,Row parsed successfully.
1,id_acm_energy_permit_163,Row parsed successfully.
1,id_acm_energy_permit_164,Row parsed successfully.
1,id_acm_energy_permit_165,Row parsed successfully.
1,id_acm_energy_permit_166,Row parsed successfully.
1,id_acm_energy_permit_167,Row parsed successfully.
1,id_acm_energy_permit_17,Row parsed successfully.
1,id_acm_energy_permit_172,Row parsed successfully.
1,id_acm_energy_permit_173,Row parsed successfully.
1,id_acm_energy_permit_177,Row parsed successfully.
1,id_acm_energy_permit_18,Row parsed successfully.
2,id_acm_energy_permit_18,Row parsed successfully.
1,id_acm_energy_permit_180,Row parsed successfully.
1,id_acm_energy_permit_181,Row parsed successfully.
1,id_acm_energy_permit_182,Row parsed successfully.
1,id_acm_energy_permit_183,Row parsed successfully.
1,id_acm_energy_permit_184,Row parsed successfully.
1,id_acm_energy_permit_185,Row parsed successfully.
1,id_acm_energy_permit_186,Row parsed successfully.
1,id_acm_energy_permit_187,Row parsed successfully.
1,id_acm_energy_permit_188,Row parsed successfully.
1,id_acm_energy_permit_189,Row parsed successfully.
1,id_acm_energy_permit_19,Row parsed successfully.
1,id_acm_energy_permit_190,Row parsed successfully.
1,id_acm_energy_permit_191,Row parsed successfully.
1,id_acm_energy_permit_192,Row parsed successfully.
1,id_acm_energy_permit_193,Row parsed successfully.
1,id_acm_energy_permit_194,Row parsed successfully.
1,id_acm_energy_permit_195,Row parsed successfully.
1,id_acm_energy_permit_196,Row parsed successfully.
1,id_acm_energy_permit_197,Row parsed successfully.
1,id_acm_energy_permit_198,Row parsed successfully.
1,id_acm_energy_permit_199,Row parsed successfully.
1,id_acm_energy_permit_2,Row parsed successfully.
2,id_acm_energy_permit_2,Row parsed successfully.
1,id_acm_energy_permit_20,Row parsed successfully.
1,id_acm_energy_permit_200,Row parsed successfully.
1,id_acm_energy_permit_201,Row parsed successfully.
1,id_acm_energy_permit_202,Row parsed successfully.
1,id_acm_energy_permit_203,Row parsed successfully.
1,id_acm_energy_permit_204,Row parsed successfully.
1,id_acm_energy_permit_206,Row parsed successfully.
1,id_acm_energy_permit_207,Row parsed successfully.
1,id_acm_energy_permit_208,Row parsed successfully.
1,id_acm_energy_permit_209,Row parsed successfully.
1,id_acm_energy_permit_21,Row parsed successfully.
1,id_acm_energy_permit_210,Row parsed successfully.
1,id_acm_energy_permit_211,Row parsed successfully.
1,id_acm_energy_permit_214,Row parsed successfully.
1,id_acm_energy_permit_215,Row parsed successfully.
1,id_acm_energy_permit_216,Row parsed successfully.
1,id_acm_energy_permit_217,Row parsed successfully.
1,id_acm_energy_permit_218,Row parsed successfully.
1,id_acm_energy_permit_219,Row parsed successfully.
1,id_acm_energy_permit_22,Row parsed successfully.
1,id_acm_energy_permit_220,Row parsed successfully.
1,id_acm_energy_permit_221,Row parsed successfully.
1,id_acm_energy_permit_222,Row parsed successfully.
1,id_acm_energy_permit_223,Row parsed successfully.
1,id_acm_energy_permit_224,Row parsed successfully.
1,id_acm_energy_permit_225,Row parsed successfully.
1,id_acm_energy_permit_226,Row parsed successfully.
1,id_acm_energy_permit_227,Row parsed successfully.
1,id_acm_energy_permit_228,Row parsed successfully.
1,id_acm_energy_permit_229,Row parsed successfully.
1,id_acm_energy_permit_23,Row parsed successfully.
1,id_acm_energy_permit_230,Row parsed successfully.
1,id_acm_energy_permit_231,Row parsed successfully.
1,id_acm_energy_permit_232,Row parsed successfully.
1,id_acm_energy_permit_233,Row parsed successfully.
2,id_acm_energy_permit_233,Row parsed successfully.
1,id_acm_energy_permit_234,Row parsed successfully.
2,id_acm_energy_permit_234,Row parsed successfully.
1,id_acm_energy_permit_235,Row parsed successfully.
1,id_acm_energy_permit_236,Row parsed successfully.
1,id_acm_energy_permit_237,Row parsed successfully.
2,id_acm_energy_permit_237,Row parsed successfully.
1,id_acm_energy_permit_238,Row parsed successfully.
1,id_acm_energy_permit_239,Row parsed successfully.
1,id_acm_energy_permit_24,Row parsed successfully.
1,id_acm_energy_permit_240,Row parsed successfully.
1,id_acm_energy_permit_241,Row parsed successfully.
1,id_acm_energy_permit_242,Row parsed successfully.
1,id_acm_energy_permit_243,Row parsed successfully.
1,id_acm_energy_permit_244,Row parsed successfully.
1,id_acm_energy_permit_245,Row parsed successfully.
2,id_acm_energy_permit_245,Row parsed successfully.
1,id_acm_energy_permit_246,Row parsed successfully.
1,id_acm_energy_permit_247,Row parsed successfully.
1,id_acm_energy_permit_248,Row parsed successfully.
1,id_acm_energy_permit_25,Row parsed successfully.
1,id_acm_energy_permit_250,Row parsed successfully.
1,id_acm_energy_permit_251,Row parsed successfully.
1,id_acm_energy_permit_252,Row parsed successfully.
1,id_acm_energy_permit_253,Row parsed successfully.
1,id_acm_energy_permit_254,Row parsed successfully.
2,id_acm_energy_permit_254,Row parsed successfully.
3,id_acm_energy_permit_254,Row parsed successfully.
4,id_acm_energy_permit_254,Row parsed successfully.
5,id_acm_energy_permit_254,Row parsed successfully.
6,id_acm_energy_permit_254,Row parsed successfully.
7,id_acm_energy_permit_254,Row parsed successfully.
8,id_acm_energy_permit_254,Row parsed successfully.
9,id_acm_energy_permit_254,Row parsed successfully.
10,id_acm_energy_permit_254,Row parsed successfully.
11,id_acm_energy_permit_254,Row parsed successfully.
12,id_acm_energy_permit_254,Row parsed successfully.
13,id_acm_energy_permit_254,Row parsed successfully.
14,id_acm_energy_permit_254,Row parsed successfully.
15,id_acm_energy_permit_254,Row parsed successfully.
16,id_acm_energy_permit_254,Row parsed successfully.
17,id_acm_energy_permit_254,Row parsed successfully.
18,id_acm_energy_permit_254,Row parsed successfully.
19,id_acm_energy_permit_254,Row parsed successfully.
20,id_acm_energy_permit_254,Row parsed successfully.
21,id_acm_energy_permit_254,Row parsed successfully.
22,id_acm_energy_permit_254,Row parsed successfully.
23,id_acm_energy_permit_254,Row parsed successfully.
24,id_acm_energy_permit_254,Row parsed successfully.
25,id_acm_energy_permit_254,Row parsed successfully.
1,id_acm_energy_permit_259,Row parsed successfully.
1,id_acm_energy_permit_26,Row parsed successfully.
1,id_acm_energy_permit_260,Row parsed successfully.
1,id_acm_energy_permit_261,Row parsed successfully.
2,id_acm_energy_permit_261,Row parsed successfully.
1,id_acm_energy_permit_262,Row parsed successfully.
1,id_acm_energy_permit_263,Row parsed successfully.
1,id_acm_energy_permit_264,Row parsed successfully.
2,id_acm_energy_permit_264,Row parsed successfully.
1,id_acm_energy_permit_265,Row parsed successfully.
1,id_acm_energy_permit_266,Row parsed successfully.
1,id_acm_energy_permit_267,Row parsed successfully.
1,id_acm_energy_permit_268,Row parsed successfully.
1,id_acm_energy_permit_269,Row parsed successfully.
2,id_acm_energy_permit_269,Row parsed successfully.
1,id_acm_energy_permit_27,Row parsed successfully.
1,id_acm_energy_permit_270,Row parsed successfully.
2,id_acm_energy_permit_270,Row parsed successfully.
1,id_acm_energy_permit_271,Row parsed successfully.
2,id_acm_energy_permit_271,Row parsed successfully.
1,id_acm_energy_permit_272,Row parsed successfully.
1,id_acm_energy_permit_273,Row parsed successfully.
1,id_acm_energy_permit_274,Row parsed successfully.
2,id_acm_energy_permit_274,Row parsed successfully.
1,id_acm_energy_permit_275,Row parsed successfully.
2,id_acm_energy_permit_275,Row parsed successfully.
1,id_acm_energy_permit_276,Row parsed successfully.
2,id_acm_energy_permit_276,Row parsed successfully.
1,id_acm_energy_permit_277,Row parsed successfully.
2,id_acm_energy_permit_277,Row parsed successfully.
1,id_acm_energy_permit_278,Row parsed successfully.
2,id_acm_energy_permit_278,Row parsed successfully.
1,id_acm_energy_permit_279,Row parsed successfully.
1,id_acm_energy_permit_28,Row parsed successfully.
1,id_acm_energy_permit_280,Row parsed successfully.
1,id_acm_energy_permit_281,Row parsed successfully.
2,id_acm_energy_permit_281,Row parsed successfully.
1,id_acm_energy_permit_282,Row parsed successfully.
2,id_acm_energy_permit_282,Row parsed successfully.
1,id_acm_energy_permit_283,Row parsed successfully.
2,id_acm_energy_permit_283,Row parsed successfully.
1,id_acm_energy_permit_284,Row parsed successfully.
2,id_acm_energy_permit_284,Row parsed successfully.
1,id_acm_energy_permit_285,Row parsed successfully.
2,id_acm_energy_permit_285,Row parsed successfully.
1,id_acm_energy_permit_286,Row parsed successfully.
2,id_acm_energy_permit_286,Row parsed successfully.
1,id_acm_energy_permit_287,Row parsed successfully.
1,id_acm_energy_permit_288,Row parsed successfully.
1,id_acm_energy_permit_289,Row parsed successfully.
1,id_acm_energy_permit_29,Row parsed successfully.
1,id_acm_energy_permit_290,Row parsed successfully.
1,id_acm_energy_permit_291,Row parsed successfully.
1,id_acm_energy_permit_292,Row parsed successfully.
1,id_acm_energy_permit_293,Row parsed successfully.
1,id_acm_energy_permit_294,Row parsed successfully.
2,id_acm_energy_permit_294,Row parsed successfully.
1,id_acm_energy_permit_295,Row parsed successfully.
1,id_acm_energy_permit_296,Row parsed successfully.
1,id_acm_energy_permit_297,Row parsed successfully.
1,id_acm_energy_permit_298,Row parsed successfully.
1,id_acm_energy_permit_299,Row parsed successfully.
2,id_acm_energy_permit_299,Row parsed successfully.
1,id_acm_energy_permit_3,Row parsed successfully.
2,id_acm_energy_permit_3,Row parsed successfully.
1,id_acm_energy_permit_30,Row parsed successfully.
1,id_acm_energy_permit_300,Row parsed successfully.
1,id_acm_energy_permit_301,Row parsed successfully.
1,id_acm_energy_permit_302,Row parsed successfully.
2,id_acm_energy_permit_302,Row parsed successfully.
1,id_acm_energy_permit_303,Row parsed successfully.
2,id_acm_energy_permit_303,Row parsed successfully.
1,id_acm_energy_permit_304,Row parsed successfully.
2,id_acm_energy_permit_304,Row parsed successfully.
1,id_acm_energy_permit_305,Row parsed successfully.
1,id_acm_energy_permit_306,Row parsed successfully.
1,id_acm_energy_permit_307,Row parsed successfully.
1,id_acm_energy_permit_308,Row parsed successfully.
1,id_acm_energy_permit_309,Row parsed successfully.
2,id_acm_energy_permit_309,Row parsed successfully.
1,id_acm_energy_permit_31,Row parsed successfully.
1,id_acm_energy_permit_32,Row parsed successfully.
1,id_acm_energy_permit_33,Row parsed successfully.
1,id_acm_energy_permit_34,Row parsed successfully.
1,id_acm_energy_permit_35,Row parsed successfully.
2,id_acm_energy_permit_35,Row parsed successfully.
1,id_acm_energy_permit_36,Row parsed successfully.
2,id_acm_energy_permit_36,Row parsed successfully.
1,id_acm_energy_permit_37,Row parsed successfully.
1,id_acm_energy_permit_38,Row parsed successfully.
1,id_acm_energy_permit_39,Row parsed successfully.
2,id_acm_energy_permit_39,Row parsed successfully.
1,id_acm_energy_permit_40,Row parsed successfully.
1,id_acm_energy_permit_41,Row parsed successfully.
1,id_acm_energy_permit_43,Row parsed successfully.
2,id_acm_energy_permit_43,Row parsed successfully.
1,id_acm_energy_permit_44,Row parsed successfully.
1,id_acm_energy_permit_45,Row parsed successfully.
1,id_acm_energy_permit_46,Row parsed successfully.
1,id_acm_energy_permit_47,Row parsed successfully.
1,id_acm_energy_permit_48,Row parsed successfully.
1,id_acm_energy_permit_49,Row parsed successfully.
1,id_acm_energy_permit_5,Row parsed successfully.
1,id_acm_energy_permit_50,Row parsed successfully.
1,id_acm_energy_permit_51,Row parsed successfully.
1,id_acm_energy_permit_52,Row parsed successfully.
1,id_acm_energy_permit_53,Row parsed successfully.
1,id_acm_energy_permit_54,Row parsed successfully.
1,id_acm_energy_permit_55,Row parsed successfully.
1,id_acm_energy_permit_56,Row parsed successfully.
1,id_acm_energy_permit_57,Row parsed successfully.
1,id_acm_energy_permit_58,Row parsed successfully.
1,id_acm_energy_permit_59,Row parsed successfully.
1,id_acm_energy_permit_6,Row parsed successfully.
2,id_acm_energy_permit_6,Row parsed successfully.
1,id_acm_energy_permit_60,Row parsed successfully.
1,id_acm_energy_permit_61,Row parsed successfully.
1,id_acm_energy_permit_62,Row parsed successfully.
1,id_acm_energy_permit_63,Row parsed successfully.
1,id_acm_energy_permit_64,Row parsed successfully.
1,id_acm_energy_permit_65,Row parsed successfully.
1,id_acm_energy_permit_66,Row parsed successfully.
1,id_acm_energy_permit_67,Row parsed successfully.
1,id_acm_energy_permit_68,Row parsed successfully.
1,id_acm_energy_permit_69,Row parsed successfully.
1,id_acm_energy_permit_7,Row parsed successfully.
2,id_acm_energy_permit_7,Row parsed successfully.
1,id_acm_energy_permit_70,Row parsed successfully.
1,id_acm_energy_permit_71,Row parsed successfully.
1,id_acm_energy_permit_72,Row parsed successfully.
1,id_acm_energy_permit_73,Row parsed successfully.
1,id_acm_energy_permit_74,Row parsed successfully.
1,id_acm_energy_permit_75,Row parsed successfully.
1,id_acm_energy_permit_76,Row parsed successfully.
1,id_acm_energy_permit_77,Row parsed successfully.
1,id_acm_energy_permit_78,Row parsed successfully.
1,id_acm_energy_permit_79,Row parsed successfully.
1,id_acm_energy_permit_8,Row parsed successfully.
1,id_acm_energy_permit_80,Row parsed successfully.
1,id_acm_energy_permit_81,Row parsed successfully.
1,id_acm_energy_permit_82,Row parsed successfully.
1,id_acm_energy_permit_83,Row parsed successfully.
1,id_acm_energy_permit_84,Row parsed successfully.
1,id_acm_energy_permit_85,Row parsed successfully.
1,id_acm_energy_permit_86,Row parsed successfully.
1,id_acm_energy_permit_87,Row parsed successfully.
1,id_acm_energy_permit_88,Row parsed successfully.
1,id_acm_energy_permit_89,Row parsed successfully.
1,id_acm_energy_permit_9,Row parsed successfully.
1,id_acm_energy_permit_90,Row parsed successfully.
1,id_acm_energy_permit_91,Row parsed successfully.
1,id_acm_energy_permit_92,Row parsed successfully.
1,id_acm_energy_permit_93,Row parsed successfully.
1,id_acm_energy_permit_94,Row parsed successfully.
1,id_acm_energy_permit_95,Row parsed successfully.
1,id_acm_energy_permit_96,Row parsed successfully.
1,id_acm_energy_permit_97,Row parsed successfully.
1,id_acm_energy_permit_98,Row parsed successfully.
1,id_acm_energy_permit_99,Row parsed successfully.
